id,Outage_Risk
0,0.34195349659336316
1,0.35544882515922893
2,0.3847567060689121
3,0.6614622356367524
4,0.3516214233088871
5,0.3420473320533553
6,0.3643652370557324
7,0.2732820613928771
8,0.47273923794509626
9,0.5069215084614644
10,0.3656120548355505
11,0.48792992046184014
12,0.3501114674758846
13,0.3753897095868925
14,0.29651630155637687
15,0.5011841310550516
16,0.3009238549583094
17,0.3861363051504039
18,0.3536244768823824
19,0.3568278312796089
20,0.4101196918991299
21,0.6142236124401842
22,0.5908467931549889
23,0.4962735860000966
24,0.5168329954418541
25,0.3483636818480021
26,0.37203030612294036
27,0.32126846608678844
28,0.5797798098309754
29,0.3608026925807897
30,0.3620991256359871
31,0.352105963468667
32,0.47337259022691336
33,0.35278803876307074
34,0.3435723876107159
35,0.36667821176067183
36,0.4597200328984187
37,0.3412312744899884
38,0.41034553792222367
39,0.3520011405868458
40,0.3716758476535543
41,0.3165003141939151
42,0.4981078590602756
43,0.5001789324914623
44,0.31675496752402876
45,0.4696287144518162
46,0.4426572890382365
47,0.4698309209148459
48,0.34385231744020406
49,0.2848050800986336
50,0.3613137927154973
51,0.28531667001292027
52,0.28713378664963574
53,0.5076342279400984
54,0.5297494234487158
55,0.3682826566010489
56,0.29245922724260137
57,0.4675927141891277
58,0.32393212076260736
59,0.37701918429396963
60,0.28336771296122576
61,0.3590344725325572
62,0.3524328195399439
63,0.37701451765337013
64,0.4649234283715401
65,0.3564836877665386
66,0.3395924036870006
67,0.4563131372283642
68,0.3185814554417378
69,0.6410258856985452
70,0.35736374172088026
71,0.3563144910721033
72,0.3985725340727665
73,0.36300435962512795
74,0.3258953610305717
75,0.6480010512855437
76,0.3001371298290247
77,0.362245151454362
78,0.3126467874315728
79,0.3120817338524904
80,0.30694453763314267
81,0.313415602132957
82,0.36543632570156087
83,0.38259559944864513
84,0.4074676526688986
85,0.3199816042196658
86,0.4481158406904655
87,0.3131742345297048
88,0.29797628710029805
89,0.3870449432742239
90,0.36657841365792504
91,0.3032847476334247
92,0.33602798952085605
93,0.3018201830488004
94,0.5704811543728207
95,0.4591210660250291
96,0.32138636187680214
97,0.3032867328083944
98,0.5282869560019535
99,0.3757185204753819
100,0.34600958855066666
101,0.3617927374276549
102,0.32155014025232354
103,0.37192678695936604
104,0.34240407738329814
105,0.3200983900612253
106,0.35467475887887023
107,0.3903550471615086
108,0.31860866673961
109,0.35862551743369486
110,0.3533614708373509
111,0.46228122658330084
112,0.4806308278322546
113,0.30403762431785386
114,0.3643873643869173
115,0.3996706090853317
116,0.45841031461176046
117,0.3470257191216095
118,0.3795836413692414
119,0.29234775053745893
120,0.3828597334299712
121,0.35763941837761304
122,0.37280410950300585
123,0.3281705246156872
124,0.34285590130415095
125,0.35464100376774776
126,0.35881323561766104
127,0.3755897509170655
128,0.333499898994508
129,0.5117859409772987
130,0.3008148252103461
131,0.6490655477041786
132,0.34981407575503554
133,0.35708611747850805
134,0.35719147485177055
135,0.5600335136162511
136,0.36893799986066855
137,0.3600959197875916
138,0.3896835976600851
139,0.34723156591129545
140,0.2994631711213755
141,0.4764778360026404
142,0.3540596722564365
143,0.2929988780693
144,0.4938524364085991
145,0.30205735417156765
146,0.3103337781555138
147,0.5935796889166175
148,0.29514397254273955
149,0.2749380170051673
150,0.2829844740193212
151,0.3194016972469964
152,0.35319362113517894
153,0.3859403683110302
154,0.35368887233598606
155,0.35059582496393077
156,0.30984815349907685
157,0.5266227294770064
158,0.3765889977459773
159,0.2849056896381505
160,0.3675362602053214
161,0.30772262971995346
162,0.3127090178626593
163,0.4834883268960167
164,0.32231095251006836
165,0.37982376574023646
166,0.37553067069511925
167,0.3815634247324806
168,0.4982407665442131
169,0.45778762450465527
170,0.29530922790187464
171,0.36087044471576935
172,0.3840686089876749
173,0.313657718787826
174,0.31100818487013426
175,0.3459382590670394
176,0.31291725074503374
177,0.6448996629148835
178,0.46559300063562276
179,0.3710223046771622
180,0.3656063013742059
181,0.3660636899111237
182,0.3795709469450659
183,0.6390110383325789
184,0.49616033578894264
185,0.3195707785610358
186,0.33092818142513336
187,0.3548563024769823
188,0.6588209458825571
189,0.3070446806782102
190,0.29151266370307016
191,0.37074008528132485
192,0.31108927957083
193,0.3077441501075857
194,0.2810314194238504
195,0.31566023863674664
196,0.3054316317906717
197,0.32919998027646274
198,0.30505935297229847
199,0.2821451313114655
200,0.46382309392921717
201,0.38352625571733756
202,0.32116501865606567
203,0.2936469031657004
204,0.3174219235242865
205,0.3486777141347772
206,0.2813606398084072
207,0.37130149886189423
208,0.3505251258002265
209,0.3136085131827429
210,0.48022264918601554
211,0.38066964735052466
212,0.3263203921040966
213,0.38113039929218895
214,0.36345174524448565
215,0.3201715414454283
216,0.34632300489875706
217,0.36677624924374286
218,0.3680119949462264
219,0.3651769373602526
220,0.5261057282893054
221,0.3577285800287482
222,0.664249170047871
223,0.299675606602351
224,0.31624117791591805
225,0.3356947010642788
226,0.3318000025737445
227,0.36368364412424264
228,0.36989385253531376
229,0.4703092513366446
230,0.6009559910636189
231,0.388912033772011
232,0.38180044784856365
233,0.32127304944388085
234,0.3184170280361409
235,0.30775897674076347
236,0.3041824837505305
237,0.2864301938791701
238,0.32697082872882327
239,0.37132356485827095
240,0.3575307114371983
241,0.36488757944973677
242,0.29760619283289563
243,0.27691199775513947
244,0.5606707291474005
245,0.30155420633493835
246,0.6438443395701003
247,0.29515617804899863
248,0.3833401806416811
249,0.3699064125187804
250,0.3486954915888306
251,0.627583233073937
252,0.32930223292016864
253,0.3368264475764202
254,0.37636738423592053
255,0.30151244623220674
256,0.2887251889328875
257,0.35768895426705904
258,0.4951873979081932
259,0.3079228771748154
260,0.3352252928101623
261,0.3050407924736148
262,0.3260825953831751
263,0.2922449900832347
264,0.569572047824261
265,0.3033551023572809
266,0.3431715433260817
267,0.33385603649753487
268,0.2811609999536452
269,0.2987943617044441
270,0.3022072359686295
271,0.3558903086433759
272,0.46763067647741907
273,0.5724325993203997
274,0.3883899298164216
275,0.4964261310192106
276,0.2907859529681518
277,0.3689858265591993
278,0.6631115421510839
279,0.3614856993572141
280,0.3734777498020685
281,0.38207274151900694
282,0.6211406662554875
283,0.4766416249542714
284,0.3762061657411505
285,0.4836749260573799
286,0.33680594995620305
287,0.37648589303866165
288,0.33816637588969134
289,0.3967985461430671
290,0.3095300221839502
291,0.29511838743029406
292,0.3965536734110828
293,0.4626490645513762
294,0.3006584700121757
295,0.601839379370206
296,0.5705433639421146
297,0.34135033431613354
298,0.4350101901190544
299,0.35856666294568834
300,0.37639130529087966
301,0.6653222124595599
302,0.29424418194541757
303,0.3003856966595223
304,0.3680119949462264
305,0.35853200674167507
306,0.31352464727671364
307,0.4656998878593844
308,0.34021450692063315
309,0.36679679900005224
310,0.3894383762831816
311,0.5118232503564719
312,0.30651100271793996
313,0.3617927374276549
314,0.5727972590955177
315,0.31031093396960724
316,0.32101897647914585
317,0.3066259711182482
318,0.37887965471553053
319,0.2965542875580258
320,0.29169940379342574
321,0.31956249238831946
322,0.3160126319483691
323,0.37428339009937794
324,0.33406563120925514
325,0.3455284597313822
326,0.5336961805401279
327,0.2979085398217935
328,0.3084605086936717
329,0.2894734775416745
330,0.29194093917162794
331,0.653650280497021
332,0.2953493684629144
333,0.3532651281637083
334,0.6624821694947005
335,0.37280410950300585
336,0.33291270591797745
337,0.3692565458742385
338,0.4934083086639234
339,0.3683863432812318
340,0.3884645502942519
341,0.31686288971560106
342,0.3031809163857225
343,0.31386626342820967
344,0.6694840415445874
345,0.4466629172918346
346,0.30035093193341234
347,0.32045090842867463
348,0.37818932609156763
349,0.46924460127133494
350,0.6539016378997442
351,0.31710593606156456
352,0.30180468793103643
353,0.33711034727946887
354,0.5028510986205462
355,0.2970254994005141
356,0.4225545516077316
357,0.6575733570710891
358,0.31340662040515843
359,0.28345058093422304
360,0.41175115258862427
361,0.3294532476871051
362,0.31126626295063897
363,0.36152232476585555
364,0.4127775420613775
365,0.2875331289796224
366,0.5119303756776641
367,0.36481881280852124
368,0.29244699914860134
369,0.3402009693805903
370,0.2787633621638037
371,0.30301313822328
372,0.29904195406080153
373,0.3199816042196658
374,0.3517914218135037
375,0.3692912754283715
376,0.3208760527399935
377,0.5380521524778089
378,0.3280759787205497
379,0.4129955094840406
380,0.3511219403005438
381,0.37069817215695466
382,0.37062685354511515
383,0.5766001378106788
384,0.30297094925947077
385,0.31503859518470523
386,0.3416898902092277
387,0.3164646770138237
388,0.3652002774897123
389,0.48002487929188553
390,0.3753095025529185
391,0.358344593344855
392,0.440975071111196
393,0.3501557314884394
394,0.37201844256445216
395,0.40596746412625595
396,0.49413571784406507
397,0.33926559194050443
398,0.3793166737234732
399,0.6318220106759488
400,0.4227560876223603
401,0.36761710324803404
402,0.3817232217868797
403,0.3559573468641708
404,0.5987321388660375
405,0.2967893014175895
406,0.3510978001178977
407,0.39882059503612677
408,0.3680099248863908
409,0.28422776964819024
410,0.6226358703848403
411,0.30959655579165835
412,0.36887419007213096
413,0.36776694120978937
414,0.37429607046506275
415,0.4995060116745584
416,0.5042056403625955
417,0.49096434333401845
418,0.3074137803913645
419,0.4027804852301702
420,0.5175453124599416
421,0.3656713397746345
422,0.32237187866636147
423,0.6220336096493366
424,0.3422685844061919
425,0.3804196414098165
426,0.3153472084000825
427,0.3772947036941876
428,0.30255431095287205
429,0.31039192691581574
430,0.38769346015934814
431,0.6239544272223773
432,0.3525330159689644
433,0.36662921708526375
434,0.5343724201033233
435,0.35509862329416164
436,0.34739324497793267
437,0.3631071401360343
438,0.4748164100626001
439,0.31946892046683173
440,0.2906291970365962
441,0.4714156875609249
442,0.30444369175719355
443,0.45637931076706756
444,0.3905521230822738
445,0.3030083843635329
446,0.5214098561271053
447,0.49280183487362905
448,0.6571987160102173
449,0.29136041578448557
450,0.3590864284794327
451,0.6683784804821725
452,0.35229544373359306
453,0.3146107145918018
454,0.2959172068740263
455,0.6098044779665969
456,0.3044892054342079
457,0.3596042314479778
458,0.5007264480132209
459,0.3393327545525443
460,0.5744199198182014
461,0.33632481728198227
462,0.2931276050045196
463,0.3654340385291329
464,0.2960135550659744
465,0.37444547780175885
466,0.3132113623779137
467,0.36036969249601536
468,0.502231478586896
469,0.34386351700753415
470,0.30940517913187543
471,0.3625017070523442
472,0.5389944668407163
473,0.5274606012720883
474,0.37661792849902676
475,0.34609557626489484
476,0.4967310423729161
477,0.371979232231915
478,0.5406521436897688
479,0.35690899560723577
480,0.5048249152528282
481,0.3033751731116588
482,0.31218858416513273
483,0.665390739837461
484,0.32327568242951166
485,0.31568872540860093
486,0.311455380545562
487,0.36580310247207326
488,0.372663713913559
489,0.5503360381778873
490,0.37464591011228165
491,0.36545095872460254
492,0.5514292290858673
493,0.3574756263151587
494,0.38196693050634123
495,0.37095068257807623
496,0.48068275965869234
497,0.3713589638435235
498,0.30050393685054
499,0.36286284879969144
500,0.3132113623779137
501,0.2900015274930753
502,0.31290452615386083
503,0.3834144536251444
504,0.2984045447285623
505,0.2972234044728126
506,0.3700716742437876
507,0.3626771517166446
508,0.4091759299879395
509,0.34692539771728104
510,0.524872701731819
511,0.30132991680176807
512,0.31630645607936114
513,0.31686288971560106
514,0.30063668109246255
515,0.3721168469669557
516,0.36032267166442355
517,0.46076263590465477
518,0.5915191352080387
519,0.29503557730130914
520,0.5467290661997054
521,0.36844754822516523
522,0.37026320221652165
523,0.31117871881103315
524,0.3678597773592549
525,0.2839952380214418
526,0.38442205098559323
527,0.4118775938719972
528,0.3632323449537629
529,0.35501754018266896
530,0.30297216533294546
531,0.3393769469347786
532,0.32795212302489857
533,0.39105900724380865
534,0.3015815215737107
535,0.5137818829314722
536,0.3324178198617251
537,0.3161484084420707
538,0.5532931579513148
539,0.36046829657981677
540,0.3101286297906906
541,0.3727092770876267
542,0.29884315661574906
543,0.30338353414758135
544,0.3501739138891631
545,0.317904161715238
546,0.2827304235786585
547,0.3058933514917558
548,0.359935243134602
549,0.47850739113551344
550,0.3009082103993389
551,0.36627241218888495
552,0.5375905170891269
553,0.6690585741811368
554,0.38651541984652016
555,0.36976137805452236
556,0.3550573487127441
557,0.4707971690902225
558,0.3746210571935461
559,0.37558001138152325
560,0.3830627229582718
561,0.299311754705421
562,0.3662422549790856
563,0.3311331838145374
564,0.5333515616006188
565,0.4982274698808942
566,0.3702154771324717
567,0.34886726637313403
568,0.35521040872549103
569,0.36466785158228854
570,0.46159543618872073
571,0.35708611747850805
572,0.3732246559337238
573,0.38287360004202814
574,0.36281389761577165
575,0.30465321849682553
576,0.340087852574379
577,0.6470646035462833
578,0.3666429814994748
579,0.30297689303113917
580,0.3804196414098165
581,0.354017759329771
582,0.31233915527867284
583,0.3727201709674709
584,0.5517690707088623
585,0.5566887606570712
586,0.3515363291309477
587,0.34263951195713177
588,0.347524529416184
589,0.48282885945197296
590,0.317476692451795
591,0.29825041726421014
592,0.47563597056051005
593,0.3352494189258921
594,0.3201612673380408
595,0.6069466416714627
596,0.30238344757383806
597,0.3744272239878974
598,0.35564594056678805
599,0.33475051705828307
600,0.6135490878340699
601,0.4152596664505936
602,0.4334159556055488
603,0.36073483236882775
604,0.37234374514400526
605,0.5020455259339875
606,0.45116573260550896
607,0.28766739284474163
608,0.34739324497793267
609,0.3142196281436571
610,0.3724676804641823
611,0.369317969025705
612,0.6433713788910405
613,0.3059032154139124
614,0.5944896365696393
615,0.3587243450065214
616,0.3393447960116589
617,0.36511221666942173
618,0.3674615709211781
619,0.3692627717306608
620,0.288400656793938
621,0.2798028719836482
622,0.32585946468853083
623,0.4617866957007608
624,0.3683713117074428
625,0.296101937112308
626,0.3635876284240512
627,0.6652476509956557
628,0.3694268899579197
629,0.3546636720655979
630,0.3242492930772039
631,0.35781699637782954
632,0.3484646064858233
633,0.2944316160680117
634,0.37548205242131505
635,0.6642308355723077
636,0.36557777800082314
637,0.3201397490130397
638,0.4885156400113646
639,0.35133498017545955
640,0.47127482878848104
641,0.35434094815301953
642,0.4708116235175117
643,0.31244523960748943
644,0.2978417392396942
645,0.32478959417776043
646,0.3837751816793602
647,0.3465102832803343
648,0.36036901042711583
649,0.3747864788911963
650,0.31139182057652853
651,0.3043771438589343
652,0.2813582033272479
653,0.3543559211120031
654,0.36594055113361035
655,0.5869805959173254
656,0.34793273814871706
657,0.317984602788625
658,0.32777050770493527
659,0.35123308537995346
660,0.2989480215263792
661,0.3415694238639072
662,0.29964850675351196
663,0.36919352869790245
664,0.3319085047353594
665,0.34481942493626083
666,0.36273895826081715
667,0.3037076314719974
668,0.34597944217658916
669,0.3448922723339106
670,0.5360036933049206
671,0.46807666400175485
672,0.4662880625675268
673,0.40035096465285935
674,0.3560944326431126
675,0.35536148318734145
676,0.32288310563952116
677,0.3544296069220324
678,0.3299122396947002
679,0.3093964575973348
680,0.30510771307349327
681,0.5359540777173112
682,0.36920114954058747
683,0.36313575221818584
684,0.5919426136128592
685,0.634786366878666
686,0.370364474876302
687,0.35874564877148774
688,0.380571953744795
689,0.2701972736902608
690,0.3334099860732803
691,0.5424592039352583
692,0.30631378322566394
693,0.5796159994175302
694,0.2918402107182162
695,0.2970254994005141
696,0.3430953897261174
697,0.3150979136441765
698,0.45099722138254417
699,0.3794284416970504
700,0.5822832359492446
701,0.3591558020651502
702,0.3133267085223024
703,0.36357956010436215
704,0.3724772675227958
705,0.5156593012101556
706,0.34990210350855633
707,0.5246005767907665
708,0.4736365939089751
709,0.367395421677397
710,0.2974603667281031
711,0.3110307583026498
712,0.5138408411169493
713,0.36965930854170426
714,0.6183567415958199
715,0.5216372014910681
716,0.4334159556055488
717,0.45403430604875133
718,0.3888695307752947
719,0.29086024676224564
720,0.3879506203388487
721,0.35204634798380074
722,0.4840902971256088
723,0.36214161884713686
724,0.28351046964112087
725,0.39800165299383206
726,0.3441581469158806
727,0.31169100058745863
728,0.364357440377593
729,0.4983366427045476
730,0.39660449041190343
731,0.37619798379612146
732,0.30135952712013847
733,0.3245928619653252
734,0.31589444646629716
735,0.3894473511596306
736,0.30315094922276165
737,0.36329587235643757
738,0.36296456039891556
739,0.3497512800751964
740,0.3824790591751359
741,0.2773501429044311
742,0.35551435103138374
743,0.34884071708401
744,0.35995323803479073
745,0.2894734775416745
746,0.5189248250679158
747,0.3520539473458815
748,0.55356507617756
749,0.36961967806490237
750,0.4718532203024286
751,0.4948272859858058
752,0.3386723946233475
753,0.3496467727150123
754,0.5490402722939502
755,0.3317315306999328
756,0.29313420257421846
757,0.2879889376243524
758,0.2990209964153519
759,0.37966804028300105
760,0.5300462304233404
761,0.29132105820831666
762,0.3461958332457139
763,0.29317812430546664
764,0.35796595904332046
765,0.3283119999718826
766,0.29967059596879475
767,0.6269558718341937
768,0.28874275252207005
769,0.3305043349689821
770,0.28891166741500796
771,0.621102870392944
772,0.31258098618395075
773,0.30323803365078544
774,0.30815916489205064
775,0.37124095140639873
776,0.30119668708301134
777,0.30576415459711626
778,0.27975051648203175
779,0.35171351328260575
780,0.6254983328624676
781,0.28362787689975877
782,0.35644590653535646
783,0.3041759264266824
784,0.298134785797155
785,0.3364862052329889
786,0.30353807544748157
787,0.3613745255901799
788,0.34439442239847284
789,0.3026319019094214
790,0.4652603125572735
791,0.6711848538044638
792,0.33956112393458343
793,0.32432815657516106
794,0.30269521154659307
795,0.29328602065591225
796,0.38210900900747535
797,0.3762749638061585
798,0.3734507929084713
799,0.35992705024137517
800,0.296109114348211
801,0.31020657639934046
802,0.3545097473928308
803,0.29307297578935954
804,0.34576784667821925
805,0.281850858525467
806,0.3531538894402419
807,0.2961521443585874
808,0.3470700698571318
809,0.3703342123661914
810,0.3114942751425406
811,0.3716834771290172
812,0.6323450322565151
813,0.5242911049946223
814,0.3042853901024931
815,0.4866709718188749
816,0.35942912202562904
817,0.357257707393314
818,0.5641766566821051
819,0.517327601604044
820,0.4400020522558529
821,0.29816847144776104
822,0.6464373213028628
823,0.5080238230156652
824,0.4354439786080974
825,0.4297013530204078
826,0.5268011632220123
827,0.2876816465799811
828,0.46272848849380865
829,0.4597443216982352
830,0.2827304235786585
831,0.30572151995295405
832,0.3084332993364641
833,0.29317812430546664
834,0.3523958848803266
835,0.3543962495008244
836,0.356429182824336
837,0.31700202316046766
838,0.36318659005887766
839,0.41352867686671085
840,0.3490397559169427
841,0.5002817726937645
842,0.2955144846127403
843,0.3037869049588581
844,0.3927099554003588
845,0.35754945720947634
846,0.29328602065591225
847,0.3317814714088938
848,0.335501303900514
849,0.5635381193355603
850,0.3785264812555291
851,0.37654021092809786
852,0.3665095326924601
853,0.3569506213463613
854,0.2826232796930528
855,0.3053809070913497
856,0.3181069776681591
857,0.3666813156413228
858,0.3236616519412497
859,0.3575725431028363
860,0.665587285254085
861,0.33857179471513354
862,0.3028061571380227
863,0.3328585328827048
864,0.36689918884635286
865,0.3170721061955644
866,0.37690590501262966
867,0.5751583780127527
868,0.303889856765548
869,0.3158056647981229
870,0.36291711198257637
871,0.29354951396895845
872,0.380416856462052
873,0.36542751059649053
874,0.3827911578513178
875,0.6477017898019808
876,0.3414634500544649
877,0.29136236701618035
878,0.3808851514942941
879,0.3778092493200304
880,0.38401485433835914
881,0.6277638956984007
882,0.49568467492020407
883,0.3454200290254761
884,0.3020017686324376
885,0.5469362365810062
886,0.5167098862232828
887,0.5900244865731883
888,0.3786864256390733
889,0.46532726636376487
890,0.33156031044012796
891,0.3567247056944126
892,0.5357432391572549
893,0.29154627678546374
894,0.276747884012642
895,0.4001761444612759
896,0.45618488694764936
897,0.535354076187973
898,0.4001562856872202
899,0.3127468906391775
900,0.2855408092040149
901,0.574729140588664
902,0.3112995604878552
903,0.29878439350792496
904,0.3678879336700157
905,0.37699610126049665
906,0.3235525180096188
907,0.3657897616383792
908,0.3859780103204449
909,0.3681699372840175
910,0.3403544700498055
911,0.38925921087488546
912,0.4364518959582715
913,0.3723499429220849
914,0.28671784041451653
915,0.4813033079679727
916,0.4978624505426793
917,0.351018949597076
918,0.4076950947891367
919,0.6212624635037651
920,0.3092118150207518
921,0.3094550242331837
922,0.37737872189644284
923,0.2852779518274129
924,0.6251480498016357
925,0.3787644945645722
926,0.360088737010665
927,0.29964850675351196
928,0.31403477571765104
929,0.31360217577241034
930,0.35801371958565154
931,0.38710307575604946
932,0.3665038408899778
933,0.3627941449134874
934,0.30255431095287205
935,0.40700970609122405
936,0.4575733820914121
937,0.4815158927537835
938,0.485863255917618
939,0.38824608707483266
940,0.2923892808803208
941,0.2827510227853811
942,0.37550558403864376
943,0.31278324943650204
944,0.3510245115377818
945,0.3147116018915436
946,0.3472616212814289
947,0.3372632709548221
948,0.3761971744424877
949,0.5331081231806045
950,0.30211020624278395
951,0.3232941536395781
952,0.292164986900867
953,0.34115010882590713
954,0.3952396403598457
955,0.32161102564020266
956,0.5161484826336495
957,0.3652582813791586
958,0.3165013231127438
959,0.3840594724768954
960,0.4275089720024946
961,0.29526695491375077
962,0.31199961593494563
963,0.5781728566266933
964,0.3543789361174392
965,0.3719291250145213
966,0.35008733074245524
967,0.3453068500550863
968,0.40334675262910197
969,0.3864587084999195
970,0.35675884538182306
971,0.3159040945884349
972,0.3624837664034432
973,0.3213242870819986
974,0.37294007868499857
975,0.41906933353474807
976,0.3617927374276549
977,0.3447749311195132
978,0.3335032846776939
979,0.3002913706162056
980,0.5573447957550894
981,0.5684930173377389
982,0.29982308418030823
983,0.30824932522962284
984,0.3753737286966877
985,0.6625727054930938
986,0.3011542769159524
987,0.305209231453683
988,0.34745830041347303
989,0.35660189823216343
990,0.3783364326613135
991,0.28367889078752984
992,0.3702657869069046
993,0.562274886543372
994,0.6451267720401517
995,0.28897621213284785
996,0.6718945374360348
997,0.3043148525011047
998,0.33920900713771074
999,0.3339663947432477
1000,0.33053363312993717
1001,0.3739657463716384
1002,0.32080722134999473
1003,0.3073346788756317
1004,0.3683179884827989
1005,0.32603121400592305
1006,0.35231502008474125
1007,0.35874164404856035
1008,0.4667651751785665
1009,0.3278442247362423
1010,0.27914768691126135
1011,0.37979118329991046
1012,0.3787326027836641
1013,0.3943027316301353
1014,0.3485833878574568
1015,0.31631411404613563
1016,0.6065985162059389
1017,0.4621807375466528
1018,0.3574756263151587
1019,0.3654178745927252
1020,0.47525644626383146
1021,0.3654869230796422
1022,0.35522719683170695
1023,0.35472758704429186
1024,0.2923164742226009
1025,0.398590273276219
1026,0.3601207664380957
1027,0.34767008577965963
1028,0.36916647919744516
1029,0.35244763973686166
1030,0.34104990094624676
1031,0.3712053705260566
1032,0.5934866814098385
1033,0.6380283327319299
1034,0.2979961290114408
1035,0.3857835898918803
1036,0.4426958681166957
1037,0.30301638984996715
1038,0.35961915729807814
1039,0.37223383154837825
1040,0.29988284780452434
1041,0.5295866434084633
1042,0.400149138100055
1043,0.5703724136479075
1044,0.3317814714088938
1045,0.36329587235643757
1046,0.48557655377812864
1047,0.6385156910030542
1048,0.3025313164468212
1049,0.3810315658474906
1050,0.3159053716317985
1051,0.3724968078463193
1052,0.37130149886189423
1053,0.3640621834848595
1054,0.3491868989022748
1055,0.3797953448519076
1056,0.3481350477454046
1057,0.3742914871089975
1058,0.27482618130255615
1059,0.3683179884827989
1060,0.41066473935525527
1061,0.4111012841252483
1062,0.47890158858773607
1063,0.3100910677929489
1064,0.46500588525485936
1065,0.3784950044821913
1066,0.3438281889271957
1067,0.33558839873475343
1068,0.3540264269766757
1069,0.29890114135054546
1070,0.2909385616677821
1071,0.3236616519412497
1072,0.5194762051587645
1073,0.5413619201961173
1074,0.3809321299657983
1075,0.5277123839646102
1076,0.38560787917198597
1077,0.29965295403214803
1078,0.3172891963069199
1079,0.5075373373376577
1080,0.36903064983364076
1081,0.2993112246074354
1082,0.6653222124595599
1083,0.35074972944104565
1084,0.3237527294359765
1085,0.3193399780513783
1086,0.339854992203089
1087,0.3796790054753779
1088,0.6673437996423975
1089,0.5984559833748971
1090,0.3260278215267255
1091,0.3480362054315982
1092,0.3605697419173054
1093,0.3038639348132075
1094,0.2933870656623164
1095,0.3489475084997341
1096,0.3138119117796364
1097,0.34420970492100156
1098,0.46764173851710394
1099,0.5759602793192514
1100,0.29243735651341674
1101,0.3460501332323229
1102,0.5562658988556756
1103,0.35850083215515705
1104,0.5682352563097666
1105,0.3159331809118296
1106,0.4543421804953529
1107,0.3559486558246745
1108,0.5259293361350781
1109,0.30092114473786874
1110,0.2879470334703354
1111,0.49835766151678723
1112,0.4240996901648932
1113,0.3126501653134254
1114,0.36502735496423744
1115,0.37414741124134565
1116,0.29391418683837267
1117,0.3626016546064703
1118,0.3066061534434622
1119,0.3136631338860658
1120,0.29005351157950976
1121,0.4805154683620868
1122,0.3206376287491725
1123,0.3430748853967755
1124,0.6246616245417087
1125,0.37014794030210013
1126,0.40543536081099063
1127,0.29213361808251664
1128,0.3205136558482545
1129,0.3045477130143493
1130,0.342493992343394
1131,0.36246929156870605
1132,0.2922225991627072
1133,0.32010244148223443
1134,0.47904447454201043
1135,0.3316335732146363
1136,0.350871867374497
1137,0.4052060792412035
1138,0.3760883946230429
1139,0.5495438197274554
1140,0.30775897674076347
1141,0.3152861445097772
1142,0.5198780852545049
1143,0.5904429306353209
1144,0.36173226498904965
1145,0.36510776578225135
1146,0.3075683421330802
1147,0.32024089505829967
1148,0.31282816115134904
1149,0.3788827875939467
1150,0.3356756227288107
1151,0.3821120283389995
1152,0.36438160497713046
1153,0.3700716742437876
1154,0.37402733146812445
1155,0.33448562949366256
1156,0.3010423236769084
1157,0.33012545977887015
1158,0.42938979579328307
1159,0.37407454200809054
1160,0.3028061571380227
1161,0.3153510131823576
1162,0.3438140215324788
1163,0.30296862152935783
1164,0.35996737085673497
1165,0.3012762002911547
1166,0.4369285964895632
1167,0.3767299059140393
1168,0.30169842142045655
1169,0.47771016253674126
1170,0.2984637615173049
1171,0.42672930767880113
1172,0.37053848546406315
1173,0.5260062357680401
1174,0.30123094311148346
1175,0.35974087444195413
1176,0.40636443007682554
1177,0.3278513896726083
1178,0.6702373296786116
1179,0.4373568652020315
1180,0.3294239819636742
1181,0.35637250294697265
1182,0.3628994356801428
1183,0.3345425724162162
1184,0.3782206156045512
1185,0.3205786758629653
1186,0.30839235367241224
1187,0.34886600373831156
1188,0.36212521620296806
1189,0.3663938519477397
1190,0.2908163244352004
1191,0.36739644021157347
1192,0.580050820279908
1193,0.3509994462662188
1194,0.32592521895617665
1195,0.4732230110116351
1196,0.36485427911438306
1197,0.3006662720858513
1198,0.34369372033661283
1199,0.651817565379314
1200,0.45628003905809245
1201,0.31554388701136266
1202,0.3473833593401636
1203,0.36160596802868783
1204,0.2924150597987497
1205,0.3286291000478093
1206,0.30013899250434256
1207,0.5592535691692241
1208,0.47615229416447785
1209,0.3848537960295633
1210,0.36445532363106087
1211,0.3008062329089818
1212,0.3621881214845144
1213,0.37286625409242347
1214,0.3143097274430394
1215,0.32651766542998784
1216,0.3219134665808367
1217,0.3001371298290247
1218,0.2904034591387874
1219,0.5434578799403648
1220,0.48482166439550256
1221,0.3533017549462353
1222,0.28159264982158505
1223,0.2860051105205055
1224,0.3868670012542236
1225,0.3201660035685371
1226,0.31048293384388037
1227,0.47756832644171854
1228,0.6041569120998102
1229,0.3702121381094903
1230,0.3073829314286725
1231,0.6456028477449415
1232,0.37044546045826643
1233,0.3502260475219531
1234,0.4832196419500317
1235,0.2818269493305359
1236,0.3079064550269509
1237,0.35915578418757493
1238,0.3232520049477843
1239,0.31088596545019914
1240,0.48235208102170113
1241,0.2891173521816203
1242,0.32027832344400076
1243,0.3492857094290578
1244,0.41074653506259007
1245,0.5588459248370458
1246,0.35785825624096024
1247,0.3364005857554476
1248,0.5702428726833206
1249,0.3020271912510882
1250,0.3760883946230429
1251,0.35040917664785265
1252,0.2951072620671752
1253,0.37099400111234515
1254,0.3410308887233784
1255,0.29115874097167677
1256,0.3711298761771906
1257,0.30870835849968836
1258,0.3678908331903283
1259,0.30614230641338436
1260,0.3602970438316409
1261,0.38287360004202814
1262,0.3674077563125616
1263,0.3084766575599829
1264,0.3438590730930175
1265,0.3612588201508533
1266,0.29989821314384585
1267,0.35176617983347014
1268,0.29376702872095883
1269,0.5064824572736626
1270,0.3809134885625398
1271,0.5473362948881474
1272,0.343693283401561
1273,0.38105823786302756
1274,0.49883629870777774
1275,0.3216628804315669
1276,0.47874846292337525
1277,0.3308499542592211
1278,0.3255415263200556
1279,0.5898977199655022
1280,0.3628567165687288
1281,0.31075663004262105
1282,0.37019382921807853
1283,0.4634368200794993
1284,0.36366468763294174
1285,0.30266338990698427
1286,0.355780530335697
1287,0.3195680900301774
1288,0.40662793206889664
1289,0.5685599187405046
1290,0.2910465344929333
1291,0.34819904454743694
1292,0.3087259698876893
1293,0.46073179677035203
1294,0.3441264089659616
1295,0.28822807392788996
1296,0.29502029541905656
1297,0.35644940714771334
1298,0.5002702012872341
1299,0.3709316376742118
1300,0.3721467845194629
1301,0.5491036970086778
1302,0.3448967407123964
1303,0.4583780379888097
1304,0.3018118101478892
1305,0.4665516574270903
1306,0.30269235713700504
1307,0.3578134881106624
1308,0.32930058288866015
1309,0.6666514938179992
1310,0.6144247822718858
1311,0.3822305936805269
1312,0.40201809344040174
1313,0.6723136964993028
1314,0.3029087735499046
1315,0.557521443922505
1316,0.3635101785366999
1317,0.30106026838771144
1318,0.5074500514064312
1319,0.5550897301299488
1320,0.3968262405211693
1321,0.3721988712528996
1322,0.5318601319878917
1323,0.38109101256625755
1324,0.3124005418841159
1325,0.6178739878996327
1326,0.3481986136727119
1327,0.29317812430546664
1328,0.40346590658006215
1329,0.32646203550190234
1330,0.3443592760855755
1331,0.48281132990780495
1332,0.2995378383092487
1333,0.31389592785402454
1334,0.34484866068472786
1335,0.3521693542928806
1336,0.4823967210112534
1337,0.2813739850063829
1338,0.32263444916755724
1339,0.2927918221601727
1340,0.59553244496114
1341,0.3269230012482505
1342,0.2983484941416375
1343,0.6654353021565994
1344,0.32101603649413646
1345,0.3617964315730783
1346,0.4725815463790911
1347,0.4028111080505533
1348,0.35013165438744853
1349,0.338810406423639
1350,0.49101559523607985
1351,0.3240320551029983
1352,0.6588850356402485
1353,0.5410134763528969
1354,0.3871422729553179
1355,0.34379528348556754
1356,0.2980356714445078
1357,0.6424907700534097
1358,0.4768114916206272
1359,0.33892832515942994
1360,0.3251546862945489
1361,0.32919112323751837
1362,0.2811609999536452
1363,0.6333187792393508
1364,0.3566875085149477
1365,0.3551804652340945
1366,0.3944477169937266
1367,0.47819259830761307
1368,0.34399365146040367
1369,0.3542365350284023
1370,0.32966755050935176
1371,0.6588850356402485
1372,0.3159887003971755
1373,0.3044058490665721
1374,0.37579577345299925
1375,0.49096434333401845
1376,0.3042763890054897
1377,0.35509862329416164
1378,0.2880444510323259
1379,0.28296955187816675
1380,0.35879001223535567
1381,0.35213763077580285
1382,0.5374630633017564
1383,0.35489231939997484
1384,0.34175683570398374
1385,0.30940517913187543
1386,0.46205259326485415
1387,0.3822049845818708
1388,0.31284539072737455
1389,0.4834602830957332
1390,0.31659473673006905
1391,0.35433192363338556
1392,0.32601521932956173
1393,0.3327787118734871
1394,0.2886139679197419
1395,0.41133676503448835
1396,0.2973472170514394
1397,0.3296914247376746
1398,0.31550322862308977
1399,0.3572496504265541
1400,0.3272816173486355
1401,0.36496334142392606
1402,0.35032879316599186
1403,0.3723419281586579
1404,0.2964848460987044
1405,0.31471941544023463
1406,0.3516214233088871
1407,0.4631958896825041
1408,0.28107116404725735
1409,0.6221543003043284
1410,0.5590476284678036
1411,0.29622700016685655
1412,0.5017570446919692
1413,0.39688242471302404
1414,0.3880537587171441
1415,0.37909773968718896
1416,0.3645233072881034
1417,0.6349023612694648
1418,0.3835590881376575
1419,0.3413351341771065
1420,0.377638176712203
1421,0.3469459209859129
1422,0.36690768755309133
1423,0.3678353206815918
1424,0.382078192819076
1425,0.3190859701100307
1426,0.31710732069043523
1427,0.31392811383944375
1428,0.315160310191397
1429,0.392856941688878
1430,0.32429687769728366
1431,0.30778095400519045
1432,0.30820007165517
1433,0.3381804294722072
1434,0.2847942495554292
1435,0.3888021063562828
1436,0.31915202959826144
1437,0.2908900532708189
1438,0.38828387122341235
1439,0.35118881376105815
1440,0.305407875012452
1441,0.30282275948318466
1442,0.3089286859701048
1443,0.6495037635162891
1444,0.2930449747127598
1445,0.44029988562152816
1446,0.3153488747917066
1447,0.3243435210896692
1448,0.36647021241481137
1449,0.3446803735893438
1450,0.33608023190291825
1451,0.6104957953564595
1452,0.31950220535108376
1453,0.36481881280852124
1454,0.29968902800518116
1455,0.3748890223662592
1456,0.504638736057224
1457,0.3718642882552692
1458,0.3479610269079362
1459,0.48540148836897556
1460,0.48279123791103473
1461,0.46347964333276853
1462,0.36574648861505293
1463,0.3777567055971969
1464,0.30426451800031656
1465,0.3785264812555291
1466,0.37005077221235255
1467,0.6668668235831801
1468,0.3680026814827134
1469,0.31300182516613967
1470,0.2991333947265782
1471,0.33993594228188984
1472,0.3666275961388946
1473,0.35053503304551203
1474,0.30994499894863614
1475,0.3593744467960767
1476,0.3568264341894146
1477,0.39651231166315803
1478,0.3630286724966954
1479,0.36371191128617864
1480,0.36298641863232495
1481,0.3515949630274067
1482,0.3570172613731143
1483,0.5004753013618245
1484,0.6022304070510962
1485,0.5375662046400408
1486,0.33831550595539045
1487,0.3582343587371672
1488,0.46018679422255304
1489,0.4026616619312683
1490,0.2984119112818856
1491,0.3606442780847321
1492,0.6139783608895621
1493,0.658193483022987
1494,0.31639450871051666
1495,0.47385348932972793
1496,0.3711899100142583
1497,0.45760164099738143
1498,0.28281923081767557
1499,0.31108927957083
1500,0.3691887795126997
1501,0.3683249961553094
1502,0.45879238149243967
1503,0.5000488936253921
1504,0.361581385310673
1505,0.4610544167068278
1506,0.30123094311148346
1507,0.33559821177869986
1508,0.323382627572538
1509,0.3214557051897871
1510,0.32600359702195725
1511,0.28599344021882467
1512,0.32311088092402956
1513,0.289370557151117
1514,0.461291245394567
1515,0.30068221803727657
1516,0.354078401791856
1517,0.40707642121789106
1518,0.34812200613583877
1519,0.45833540649927373
1520,0.3487853851108825
1521,0.3100504496934301
1522,0.305912705262121
1523,0.3243322595140272
1524,0.37712933219479705
1525,0.35187824539578516
1526,0.30728037405171815
1527,0.3462891515122947
1528,0.35582627954229495
1529,0.43796615039562226
1530,0.6089172292185805
1531,0.3279479532729033
1532,0.2960135550659744
1533,0.28233269118416926
1534,0.29331166540533427
1535,0.3542966103786195
1536,0.4739512874776062
1537,0.5540810511051846
1538,0.3806146885669687
1539,0.5200223322268513
1540,0.36568818231978506
1541,0.6428899215219543
1542,0.5954425927306937
1543,0.3651288266921068
1544,0.4764182990523464
1545,0.27716257573545244
1546,0.38210900900747535
1547,0.49895003112285075
1548,0.5445762258590652
1549,0.35533375251998955
1550,0.6646885527724441
1551,0.47307847082714316
1552,0.5281992351195152
1553,0.5835395638513312
1554,0.3835990836061263
1555,0.37290660733677544
1556,0.31517043453750837
1557,0.3325699992767604
1558,0.3590234013457104
1559,0.301497249247477
1560,0.6298262504350891
1561,0.6471892811979343
1562,0.2737930348597047
1563,0.3234650879850538
1564,0.4710325569275011
1565,0.3505435030047431
1566,0.358363848083034
1567,0.3717128854016614
1568,0.3597196069224471
1569,0.5173563108289465
1570,0.3052557717103698
1571,0.49471845148692273
1572,0.3235347505517737
1573,0.3156979055136441
1574,0.47610244463618956
1575,0.37412468468127047
1576,0.3192578372088254
1577,0.3672766777803022
1578,0.302299634180275
1579,0.27870790976638876
1580,0.36651457263240106
1581,0.36875167866801195
1582,0.3036900841225854
1583,0.30913329488618146
1584,0.30350848139969205
1585,0.36082047740494255
1586,0.353450848672486
1587,0.507052000142977
1588,0.3694682840373479
1589,0.29733391963555567
1590,0.6656252421612171
1591,0.27817980160473443
1592,0.5041873900950714
1593,0.36405844133780496
1594,0.39099477556427553
1595,0.3012762002911547
1596,0.3768089158088037
1597,0.6266488478874502
1598,0.37246192442017334
1599,0.5247471632917071
1600,0.47128418582533016
1601,0.3561700388736607
1602,0.36864337658586177
1603,0.2937060184988829
1604,0.30179600378351285
1605,0.2930382131652661
1606,0.40765918463419304
1607,0.3771478957349612
1608,0.4708264675146061
1609,0.4660545614336642
1610,0.3416914219410893
1611,0.628532472176482
1612,0.3447388015294478
1613,0.5835989160375887
1614,0.37716346625985775
1615,0.3179366271463457
1616,0.3649171730732399
1617,0.3617009024477281
1618,0.370364474876302
1619,0.31197741900759896
1620,0.4667651751785665
1621,0.3684098765821141
1622,0.3521957266852339
1623,0.30297230258830626
1624,0.37263883358063093
1625,0.3576770811502495
1626,0.29766849767182446
1627,0.32247210604946674
1628,0.29367020944701466
1629,0.3688266398247056
1630,0.3547120702138513
1631,0.35204117622119024
1632,0.3016216770950158
1633,0.3083783651042611
1634,0.6594960554436733
1635,0.30767913250014955
1636,0.3588744558845263
1637,0.30297689303113917
1638,0.623705726746787
1639,0.40655684155113214
1640,0.3779461265538391
1641,0.6098884284420089
1642,0.3983323138153741
1643,0.36430396305575663
1644,0.31045496830950453
1645,0.3540667696001161
1646,0.4834720734697512
1647,0.5460293869566797
1648,0.30633404589060315
1649,0.3611942735266991
1650,0.3754225219477272
1651,0.3172890603704276
1652,0.4999322112693302
1653,0.35417354600351253
1654,0.3600519502219999
1655,0.3288842468765469
1656,0.3151943453197469
1657,0.3195951906872641
1658,0.35471812711050266
1659,0.3574906214788745
1660,0.5402709311752857
1661,0.36555257929875784
1662,0.4978624505426793
1663,0.6330145748464184
1664,0.39171067875230314
1665,0.35176617983347014
1666,0.2906291970365962
1667,0.33461659461445004
1668,0.47712906207734973
1669,0.39215450857245576
1670,0.3058060651569804
1671,0.3508887115734838
1672,0.29922217056273814
1673,0.34545383180251377
1674,0.4364905556422483
1675,0.36281389761577165
1676,0.31586500747707247
1677,0.2968882600743521
1678,0.33009144130513013
1679,0.3868670012542236
1680,0.5038052063216506
1681,0.528886488076729
1682,0.36091702908091916
1683,0.3575725431028363
1684,0.34606943505481547
1685,0.5291384485399093
1686,0.3288233980518587
1687,0.3542707270152664
1688,0.5947254140673854
1689,0.346360965855133
1690,0.2856090226084711
1691,0.31907657626736524
1692,0.27890463041377545
1693,0.324246777359676
1694,0.2972168293998504
1695,0.30599743659828577
1696,0.6492498389388496
1697,0.341157997651786
1698,0.39818719643824707
1699,0.3643873643869173
1700,0.3900937476893069
1701,0.3521633357797694
1702,0.35000852566048923
1703,0.32946569911098245
1704,0.36781265722237444
1705,0.31212889469122873
1706,0.29188393797277795
1707,0.2928236355746072
1708,0.38230179963893846
1709,0.30509235961230735
1710,0.3147116018915436
1711,0.2964812993789001
1712,0.36621904693401386
1713,0.33152164081798763
1714,0.37625867440717364
1715,0.2784761789119234
1716,0.3055804863036306
1717,0.29032937385902874
1718,0.6114319636043911
1719,0.3346143979681655
1720,0.48434244261119924
1721,0.35578695762475887
1722,0.4858016420712959
1723,0.3027301063739544
1724,0.36662921708526375
1725,0.3739925379897041
1726,0.31031647350457503
1727,0.3236013281482696
1728,0.30004026992918414
1729,0.36309836554876534
1730,0.3550573487127441
1731,0.493731435900816
1732,0.3216234247646271
1733,0.36827116779091496
1734,0.49632114329828375
1735,0.2894734775416745
1736,0.4647647041894057
1737,0.5188979674596924
1738,0.362076363614834
1739,0.3036638460389454
1740,0.2869954685152271
1741,0.3174133995095
1742,0.3373269509943811
1743,0.37294007868499857
1744,0.3143678655030184
1745,0.31551191702274034
1746,0.348371241030089
1747,0.32956284160418536
1748,0.38437903677138274
1749,0.32053373013353265
1750,0.30213069602344406
1751,0.346180359482797
1752,0.29867702900315574
1753,0.31010722910675687
1754,0.3523386749401909
1755,0.6178739878996327
1756,0.37279431411361946
1757,0.3197487720248645
1758,0.3564308593624052
1759,0.28336771296122576
1760,0.4954905056913066
1761,0.3473833593401636
1762,0.30201764650168605
1763,0.36743137067755255
1764,0.2918944078312476
1765,0.37070643765048494
1766,0.3717807622599635
1767,0.31415606685207653
1768,0.3834929326534408
1769,0.45159967749816676
1770,0.5018390648823536
1771,0.362781106978346
1772,0.318439623953398
1773,0.37419096380940764
1774,0.2813606398084072
1775,0.5193503838581459
1776,0.2813739850063829
1777,0.3049490286274648
1778,0.369642067582033
1779,0.3775443255597951
1780,0.3096592470786284
1781,0.3306794125831813
1782,0.6167814340958195
1783,0.33073300235967756
1784,0.35328266549421994
1785,0.3799278151499862
1786,0.34965088091575935
1787,0.6197719720136226
1788,0.354674005906931
1789,0.3040294570599485
1790,0.3493512291238657
1791,0.646056888713023
1792,0.29354951396895845
1793,0.30328135579147164
1794,0.3278025591995292
1795,0.35318827888570636
1796,0.4026273530278268
1797,0.3103131757280403
1798,0.3438590730930175
1799,0.2951225905098941
1800,0.35605402696188504
1801,0.6528321851417901
1802,0.356192954383883
1803,0.4322751862062151
1804,0.2928387787965403
1805,0.3597258968259848
1806,0.3683384978305113
1807,0.3698540502950144
1808,0.3017340699530053
1809,0.32930223292016864
1810,0.301516548281326
1811,0.3937992507609196
1812,0.35043096464320145
1813,0.3840509169408133
1814,0.598081856607555
1815,0.3919154802348046
1816,0.6140332907280052
1817,0.39201845435843574
1818,0.35400449371737874
1819,0.450762632625525
1820,0.36649994177559364
1821,0.3524243856572504
1822,0.29080985216996397
1823,0.31539098373248636
1824,0.3403046815970854
1825,0.3627561915438233
1826,0.3489697862245112
1827,0.2941520049166726
1828,0.3683548191599562
1829,0.4032332896182291
1830,0.3549124795109522
1831,0.3301619727361855
1832,0.36145769709611997
1833,0.6261399487857923
1834,0.346360965855133
1835,0.37356546377073296
1836,0.3668426577326396
1837,0.2995698207474899
1838,0.3658616545237763
1839,0.3687008026342909
1840,0.36750203955276756
1841,0.41449787729076504
1842,0.33974278539410535
1843,0.3257180059237263
1844,0.38868789285638194
1845,0.35559921011679974
1846,0.4741212299079651
1847,0.30165552918633876
1848,0.5309044563420388
1849,0.6197486355851198
1850,0.33082693927598594
1851,0.3246101186583332
1852,0.3042119896073239
1853,0.6259982576719385
1854,0.2946809483153584
1855,0.3777567055971969
1856,0.37708056756545555
1857,0.5684736063380929
1858,0.3678879336700157
1859,0.3715739159678144
1860,0.31559114227485374
1861,0.28170007359655413
1862,0.34396043389190145
1863,0.30069905862874685
1864,0.4082190027400319
1865,0.2993212555069459
1866,0.37152087225553243
1867,0.3668457478672404
1868,0.2957193274312677
1869,0.3246001369504798
1870,0.29990653784284627
1871,0.45948438706810685
1872,0.49284207461373186
1873,0.3723252048457937
1874,0.28528193394625556
1875,0.35808592548488377
1876,0.3805283566425232
1877,0.5274973323308544
1878,0.6482896287701059
1879,0.31415324894304986
1880,0.36409293905414164
1881,0.34867883927088283
1882,0.5526080412370872
1883,0.3544136648081416
1884,0.3614354482886813
1885,0.36687555994689636
1886,0.3896835976600851
1887,0.37188833524774734
1888,0.36513099687328515
1889,0.3506733999941529
1890,0.29173714605204415
1891,0.3150815251571588
1892,0.5159599840760476
1893,0.38342497890386773
1894,0.4840915469568196
1895,0.3129953610146319
1896,0.3761730850505527
1897,0.3032159542876003
1898,0.3134434844932573
1899,0.4801977465877667
1900,0.3595694469124931
1901,0.42494476991163616
1902,0.44264914315818854
1903,0.56880267758357
1904,0.3728405578808197
1905,0.6594960554436733
1906,0.348902023211175
1907,0.30231329676642305
1908,0.346305282903412
1909,0.37046903797920033
1910,0.6539016378997442
1911,0.3810315658474906
1912,0.3256097258073484
1913,0.36722155977730825
1914,0.30806557304775056
1915,0.48328547666783844
1916,0.3618163573379519
1917,0.4431931193652502
1918,0.36627133970795134
1919,0.5399478824162582
1920,0.4993986342903638
1921,0.31660862668891876
1922,0.3003856966595223
1923,0.3959677027245581
1924,0.37723737862005036
1925,0.45972425436042785
1926,0.30456927046480503
1927,0.3082492521757874
1928,0.3550415295348579
1929,0.4714273746817992
1930,0.36951961336863887
1931,0.4646289505004713
1932,0.3950255461789041
1933,0.3191522138797769
1934,0.6578166596446056
1935,0.36409293905414164
1936,0.31088005358495846
1937,0.29407062044131627
1938,0.33084682681241795
1939,0.35126437818769496
1940,0.35540953516854035
1941,0.3001584292579993
1942,0.27860385142327143
1943,0.3594173104226658
1944,0.3605263326903154
1945,0.3711874883100873
1946,0.6156706218594962
1947,0.28797799050019385
1948,0.3159899372177823
1949,0.3492857094290578
1950,0.31451710105278746
1951,0.37044546045826643
1952,0.33565896514758864
1953,0.3669742591903531
1954,0.39092698252624825
1955,0.5024308427626926
1956,0.31540450128217834
1957,0.36130754025479206
1958,0.35932404560860626
1959,0.36687555994689636
1960,0.3190859701100307
1961,0.3593188809599636
1962,0.5185810351324027
1963,0.3765258557186323
1964,0.36132748515978763
1965,0.3918397523261584
1966,0.32939073800034757
1967,0.45926778933885337
1968,0.39637101437854994
1969,0.3315242122288309
1970,0.2781611926288755
1971,0.493956258415245
1972,0.3932010342260902
1973,0.5626701437369406
1974,0.5628455886283052
1975,0.315112775861247
1976,0.31909095406302784
1977,0.2749705435434577
1978,0.311841778116285
1979,0.6482896287701059
1980,0.4988654367004414
1981,0.3131823710259854
1982,0.35606534753131447
1983,0.3666564202740282
1984,0.28564686964630287
1985,0.44741509986389894
1986,0.33341743425946724
1987,0.2864301014112183
1988,0.29061873644662917
1989,0.5410036110989527
1990,0.3073903347044059
1991,0.34665951504258585
1992,0.3637163701187561
1993,0.4513898638543471
1994,0.3761661364682418
1995,0.359433482755624
1996,0.28970541713477255
1997,0.3224577500751855
1998,0.3366246829497072
1999,0.3799796779979353
2000,0.3079064343016924
2001,0.3531801529346653
2002,0.28201322447985855
2003,0.31775858952970204
2004,0.3473643179715559
2005,0.35443758913741497
2006,0.5188979674596924
2007,0.48970031280140003
2008,0.3274847569024694
2009,0.3877665567534543
2010,0.3940347775392139
2011,0.3796130784100981
2012,0.34180047696653204
2013,0.32599390713615084
2014,0.29920809278762034
2015,0.3832365051593593
2016,0.3542208513919699
2017,0.46550589369083084
2018,0.34970743053342923
2019,0.5838494313470087
2020,0.3728405578808197
2021,0.2846773734779115
2022,0.32901472199405296
2023,0.5118065028338723
2024,0.4558096198282339
2025,0.4530544880414364
2026,0.32617892372541346
2027,0.5291710370994313
2028,0.3697080955636718
2029,0.3158594242462365
2030,0.4957832922861778
2031,0.3589815751479796
2032,0.3906605418814507
2033,0.3188858869917119
2034,0.3455239253689665
2035,0.3669742591903531
2036,0.30507800063592116
2037,0.4887889095411948
2038,0.3784329513949982
2039,0.6386198583292526
2040,0.30350051689738666
2041,0.5624010767210792
2042,0.3465471550735856
2043,0.4948794004611277
2044,0.6269248342877561
2045,0.4964261310192106
2046,0.5262818206221683
2047,0.42627606749801883
2048,0.5744691570358326
2049,0.3167655450671831
2050,0.3312859811626915
2051,0.3774837407026965
2052,0.49205258549363934
2053,0.32502745945391126
2054,0.3548240658965334
2055,0.3684770646161194
2056,0.465092849869765
2057,0.30644729747401134
2058,0.30520789132089804
2059,0.37475875933492375
2060,0.6735929916691976
2061,0.4006463158928146
2062,0.3495750941143442
2063,0.36873729968153535
2064,0.35820597736168824
2065,0.3015691845443234
2066,0.32548538609723315
2067,0.5568296314523539
2068,0.6553960623727763
2069,0.32701233938791685
2070,0.5074500514064312
2071,0.35625043683197
2072,0.5881450788512258
2073,0.3799876345722201
2074,0.47917879593538526
2075,0.3834929326534408
2076,0.535666654337029
2077,0.30126581003788216
2078,0.5776078107908876
2079,0.317807082978243
2080,0.3022072359686295
2081,0.30624064312293464
2082,0.3019230577937101
2083,0.474953942389325
2084,0.3382176252708294
2085,0.2988035973815168
2086,0.5010419480599804
2087,0.3295542053438682
2088,0.286950903021847
2089,0.3906810654703654
2090,0.31624677462185796
2091,0.5235314546484258
2092,0.3648795531644262
2093,0.3134071957542911
2094,0.3140467749855604
2095,0.3571011765284898
2096,0.3141453692331978
2097,0.5109559622002569
2098,0.36670109213038915
2099,0.49912086726182237
2100,0.6251391717887012
2101,0.5684996338910943
2102,0.3475080068547919
2103,0.30852018686255994
2104,0.6408702280493127
2105,0.33897401526192195
2106,0.3816420936654289
2107,0.3035453225505932
2108,0.35302377307100885
2109,0.30130607031129236
2110,0.3052254313930539
2111,0.3978121788254594
2112,0.28327629087004286
2113,0.492585872793405
2114,0.31611915699188486
2115,0.3729318739671066
2116,0.3926652837640198
2117,0.3017566701406556
2118,0.3271141306926586
2119,0.29328602065591225
2120,0.3970734906517991
2121,0.3236999140232587
2122,0.3375515970132715
2123,0.29654300537289124
2124,0.4661809986831438
2125,0.3791636629292777
2126,0.3538011297529492
2127,0.36809257321182254
2128,0.3609031511020859
2129,0.2830520572627389
2130,0.3452824949811889
2131,0.36932486278768883
2132,0.37848375464406814
2133,0.348011838370334
2134,0.32737761949414773
2135,0.34828180768138894
2136,0.28793542372560765
2137,0.4899385506287398
2138,0.48338567627655715
2139,0.3564995583097992
2140,0.32178232468340917
2141,0.29797434865578853
2142,0.35997483693750726
2143,0.30211020624278395
2144,0.33094194531713933
2145,0.2992734700714094
2146,0.369317969025705
2147,0.3300774526667936
2148,0.46752041747555595
2149,0.36649087533827873
2150,0.5254444724994877
2151,0.3622638033291127
2152,0.3540353363637294
2153,0.31448960277439936
2154,0.3020271912510882
2155,0.3540660719533453
2156,0.4864744490300331
2157,0.32386299172505706
2158,0.3719293751075002
2159,0.3530060859631917
2160,0.3092454261248522
2161,0.4385073894650022
2162,0.3708257785590034
2163,0.29659552463655203
2164,0.3032841421207489
2165,0.3728053902115433
2166,0.29776518262997875
2167,0.3765258557186323
2168,0.6699761372598979
2169,0.3573331053809178
2170,0.36379790564321346
2171,0.3384397940625073
2172,0.39859226828182914
2173,0.2954090931618476
2174,0.3694942999735831
2175,0.4376315283632976
2176,0.30381966596885435
2177,0.6349023612694648
2178,0.3220943809303537
2179,0.33045756326627823
2180,0.3020116851082632
2181,0.2970616134029671
2182,0.2953493684629144
2183,0.5101328986517513
2184,0.29290376529103523
2185,0.3842625049495987
2186,0.373558657304952
2187,0.36577141835139104
2188,0.31738139712011126
2189,0.31644173050074986
2190,0.3747071218008292
2191,0.3857567917584271
2192,0.4846751374605867
2193,0.3168284195735908
2194,0.5944896365696393
2195,0.2893541710061249
2196,0.33183086911828436
2197,0.36029334415279
2198,0.5511090287834112
2199,0.5276175312370646
2200,0.3565602374369242
2201,0.3015725732440104
2202,0.37949099958136845
2203,0.3232941536395781
2204,0.4573907228432281
2205,0.33721771401818323
2206,0.5277850903543025
2207,0.30397186323970077
2208,0.37371002355608796
2209,0.2937087415477474
2210,0.3673897064784535
2211,0.3745135717882847
2212,0.31382807527343604
2213,0.41380132054388596
2214,0.30403762431785386
2215,0.31682812620241385
2216,0.5040431843124048
2217,0.4849354598913811
2218,0.35357466013183136
2219,0.28375109076544563
2220,0.5103677261535404
2221,0.4985863338213815
2222,0.34546514976789844
2223,0.506487349662432
2224,0.5380600929742083
2225,0.29449192798739987
2226,0.3597105743876783
2227,0.40404826772900887
2228,0.2872918189883439
2229,0.30584483476489277
2230,0.38430366850007025
2231,0.3079064550269509
2232,0.2910558721253952
2233,0.3011696089741352
2234,0.35239815999396856
2235,0.30852018686255994
2236,0.4744305398623872
2237,0.32851253130435537
2238,0.5187295480563828
2239,0.35423748793277055
2240,0.39166568618948117
2241,0.367012142631317
2242,0.36101765977119105
2243,0.32206783481777523
2244,0.34507760484855965
2245,0.37136917875325065
2246,0.49674277920117854
2247,0.30123094311148346
2248,0.5631944421688452
2249,0.3106884553394275
2250,0.3057540790195989
2251,0.6199342581942673
2252,0.3256434402004911
2253,0.39272600821633263
2254,0.3095359282043415
2255,0.5001789324914623
2256,0.3173083364619059
2257,0.4751840232459836
2258,0.3947687025886343
2259,0.6260416098548728
2260,0.5221082630112245
2261,0.33658797035804
2262,0.3242989571215902
2263,0.35978684482237167
2264,0.40363381348543287
2265,0.38082656069847765
2266,0.39091709357916166
2267,0.28411919134741975
2268,0.3168733152548702
2269,0.3019269611628013
2270,0.3648292359779489
2271,0.35867491043940025
2272,0.2985350554685106
2273,0.32617892372541346
2274,0.28773781124175546
2275,0.35493030294512695
2276,0.36551746495481696
2277,0.46455677134096685
2278,0.6479672748440978
2279,0.31990003211529694
2280,0.30258498280990653
2281,0.3877784390160762
2282,0.604322428535905
2283,0.39779381210733783
2284,0.5640578703916544
2285,0.28049753556963986
2286,0.4168263837040111
2287,0.281850858525467
2288,0.36214161884713686
2289,0.3201273653928477
2290,0.3397562466010009
2291,0.4823967210112534
2292,0.3131004075308976
2293,0.3289164296003566
2294,0.30758949353169096
2295,0.6065079885317333
2296,0.2878016582304229
2297,0.36065338363617083
2298,0.3734736608320407
2299,0.3891005194041178
2300,0.2894734775416745
2301,0.4212574679942015
2302,0.3167647882588245
2303,0.2996614841934736
2304,0.4991029922431925
2305,0.3187833589710353
2306,0.29194093917162794
2307,0.6190059244249567
2308,0.31737553625856196
2309,0.30593458372021043
2310,0.3039914972506671
2311,0.3194775804536198
2312,0.3602755988032427
2313,0.34968224478573473
2314,0.37830847814560253
2315,0.3127410072726624
2316,0.33340245387042655
2317,0.3698199296746676
2318,0.2952921750988299
2319,0.3041759264266824
2320,0.357530652630116
2321,0.37859387323559524
2322,0.30644948680179923
2323,0.3797430006302639
2324,0.39392811962584146
2325,0.3029961220272137
2326,0.36649382459560254
2327,0.4833102364661582
2328,0.3685147704941229
2329,0.36339282255332184
2330,0.2946037727263332
2331,0.28565888595736033
2332,0.519041464672424
2333,0.6518110335335037
2334,0.5853412862277791
2335,0.30902332532042986
2336,0.2930994550853632
2337,0.35146045726314146
2338,0.3677961585814934
2339,0.41365649442810853
2340,0.38012880807302724
2341,0.30007030719765226
2342,0.5620810936443946
2343,0.4866709718188749
2344,0.3831780414143401
2345,0.31594891594587693
2346,0.3646628405157035
2347,0.5026516507769629
2348,0.3571058454866488
2349,0.6380494377256163
2350,0.37152087225553243
2351,0.3148158507267855
2352,0.3248253710585115
2353,0.3529082285245655
2354,0.36779248704573975
2355,0.29192201205795765
2356,0.3125224831601019
2357,0.3592563002212289
2358,0.3730394114688289
2359,0.3618169453678559
2360,0.5542743719650624
2361,0.36231049766994583
2362,0.5361810256411923
2363,0.36793930647633954
2364,0.3187781402581922
2365,0.6530916942046854
2366,0.2925149349365568
2367,0.32174201540356306
2368,0.33506640593429543
2369,0.4026346848682565
2370,0.5219180824897818
2371,0.368999147024066
2372,0.546392558276671
2373,0.39901800082201117
2374,0.3232999566522126
2375,0.48104763759540137
2376,0.34211285874846664
2377,0.2840811686903727
2378,0.2988853097597901
2379,0.41700064534076603
2380,0.3307704222541791
2381,0.34712697680245214
2382,0.3100651213295377
2383,0.3726373199635561
2384,0.29621949634086836
2385,0.36296638005900156
2386,0.36414084936981517
2387,0.549918841563137
2388,0.358490933377166
2389,0.3002831162113486
2390,0.3275499200270421
2391,0.29337163989617426
2392,0.3281704492008952
2393,0.40360952277245055
2394,0.53108883051941
2395,0.3479153052958588
2396,0.3691887795126997
2397,0.33802576782565563
2398,0.5029722809527792
2399,0.3453996425829904
2400,0.3993948227816561
2401,0.39224127570252887
2402,0.3744927516961728
2403,0.38707266996065615
2404,0.34696148067960053
2405,0.35754264109635137
2406,0.29877112767667136
2407,0.2880469455736851
2408,0.2842479784399048
2409,0.30940817353718963
2410,0.3156653439699628
2411,0.6468179066338965
2412,0.33580154592009387
2413,0.3700142928422069
2414,0.35693404343315505
2415,0.38179661218697325
2416,0.3612281226353463
2417,0.3108503663458848
2418,0.2970163500294798
2419,0.6723136964993028
2420,0.30466582083762106
2421,0.6076946704314062
2422,0.4776739370369457
2423,0.34207210690957773
2424,0.5015529309460947
2425,0.47553589333823393
2426,0.6676307900680665
2427,0.5052607641361895
2428,0.6167744030236002
2429,0.3658011119057046
2430,0.29383883283607826
2431,0.29988867534108005
2432,0.29882119880406327
2433,0.3643652370557324
2434,0.3692738829129799
2435,0.3001854243902586
2436,0.3677796443005719
2437,0.360244695668446
2438,0.36989385253531376
2439,0.49829786578993973
2440,0.35776247206087464
2441,0.30310008515057896
2442,0.29803559710017863
2443,0.3158312386906975
2444,0.4996869749690158
2445,0.3346143979681655
2446,0.5043421349622381
2447,0.3464763329613991
2448,0.3630286724966954
2449,0.36969846017114216
2450,0.35592360780686627
2451,0.35207016530979657
2452,0.3125341780514027
2453,0.32299497424630563
2454,0.3640275154596564
2455,0.5104494303614103
2456,0.5262243081924418
2457,0.34979937243974246
2458,0.3819363853800679
2459,0.32542164546757957
2460,0.5005043273297128
2461,0.37420446540809055
2462,0.4735750453674836
2463,0.49179952780158187
2464,0.36820883872497023
2465,0.37515414739825537
2466,0.3633426136171339
2467,0.320531622942394
2468,0.5800133771471349
2469,0.5832515376269937
2470,0.37123023120908194
2471,0.3550353162743798
2472,0.47866250721634807
2473,0.3799876345722201
2474,0.3777567055971969
2475,0.3549867405183521
2476,0.3689858265591993
2477,0.46386361370105056
2478,0.35547938555320946
2479,0.3815119379402555
2480,0.307703730238157
2481,0.3692698926925775
2482,0.3103239122851148
2483,0.35854517998053326
2484,0.5921999741138722
2485,0.3196672903803977
2486,0.3496228353649729
2487,0.3020129422255038
2488,0.3264690492753884
2489,0.4135940715640093
2490,0.3681448028420893
2491,0.49569855136547714
2492,0.28886390293682385
2493,0.2898891756980744
2494,0.3254578010723429
2495,0.3901722452695246
2496,0.37329201542650237
2497,0.3099783921209208
2498,0.6019338990904338
2499,0.35076159554494674
